email,password
gstag0@amazon.de,"dF8?,R(34/$PH"
dmattiato1@typepad.com,nI2`fkE@?SQ
adavidou2@macromedia.com,"cQ2,t~s#JVE"
dmacmenamy3@cocolog-nifty.com,lS6$k3@|D
dcallingham4@hc360.com,yG4~A2p/&Y#
bkeedy5@ucla.edu,iU0{/KLXf+jFD
eromei6@typepad.com,"gL0_in""6VoI8h2_"
ibranwhite7@yellowbook.com,"yK3&2|vF\.,&%'"
bgreenman8@flavors.me,oI0(>gk<
othornewill9@wikispaces.com,tE4*n%(bp1
ffluckera@cnn.com,bP8#I9DB
pharraginb@oaic.gov.au,"tI7.""_#|"
epheasantc@dagondesign.com,hT7/'5QLgK
mmitchelld@t-online.de,wQ0=Z`Ufjo1
mthreadere@nymag.com,"gL1*,oR%)"
dlipmannf@ebay.co.uk,hB7.X=?#
cgayeg@creativecommons.org,"lL3,lOS`'017)B1"
evescovoh@skype.com,wC6@)/ni&tg_W/
herridgei@merriam-webster.com,hA0$VYqPo3|E4TB
mjudkinj@marketwatch.com,pV3!bWP(#R0LC
ebrockhurstk@census.gov,hQ2|FKJ6cO3
tspellmanl@spotify.com,uJ5~w*=at?)_5
nesslementm@chron.com,"qA8,l>w$v_"
rshillitoen@buzzfeed.com,oP8_E8I&
mclementuccio@ocn.ne.jp,nH2>NgF~=#_
lblenkinsoppp@google.it,"eN1,rQ#Ai"
fballingerq@globo.com,qI1/pW8k
veder@google.com.hk,tS8~Q_hNH@
pberfoots@usgs.gov,rV9%1ywq
isheftont@opensource.org,gH1?q&*6(u7qOx!5
abazogeu@state.gov,nT6\iy3p`J<0l9'n
edubockv@bizjournals.com,wQ6)BH_yz=msg
jboffeyw@addthis.com,zM5%W_e7LB6ij
cwarhurstx@newyorker.com,tE6`FnuY>PG'!&A
atoury@mashable.com,"bT5""H0S8ZeW""D"
arisboroughz@dot.gov,wX9=3H>J
ateacy10@ehow.com,yR3&C/QqdJv6GX
fchater11@ustream.tv,xM1!Y?3(*
odebeneditti12@smh.com.au,"hF9\kz?q#S,"
jboult13@woothemes.com,cD9%S=$~
jdudny14@mysql.com,hX9%\#HTHM&
bstiller15@geocities.jp,vQ5.$j$eVLd'J
mfakeley16@infoseek.co.jp,kV5\.zG(#L8
dcastanho17@princeton.edu,wI0@jFY)!0
cseefeldt18@wikispaces.com,qW8.4mf.@
jrawlence19@si.edu,iP0>/>EF.F=$*}'`
dcahill1a@altervista.org,nS4&fYo<fwSrB
mruddick1b@devhub.com,aF0+~a$&`e
glooker1c@flickr.com,rQ2}%KC?LfKed|
lferrers1d@hud.gov,dH1$Z2p6d#h9>
